"country","SFTGcode","COW","risk_in_2020","risk_in_2020_21","anymk.ongoing","anymk.ever","reg.afr","reg.eap","reg.eur","reg.mna","reg.sca","countryage.ln","popsize.ln.combined","imr.sqrt","gdppcgrowth.combined","ios.iccpr1","includesnonstate","minorityrule","elf.ethnic","battledeaths.ln","candidaterestriction","partyban","judicialreform","religiousfreedom","pol_killing_approved","freemove_men4","freemove_women4","freediscussion","social_inequality","even_civilrights","repress_civilsoc","social_power_dist","ses_power_dist","tradeshare.ln.combined","coup.try.5yr"
"Pakistan","PAK",770,0.05996,0.1589,1,1,0,0,0,0,1,4.29045944114839,19.1934027596737,7.56306816047562,0.98882943984708,0,1,1,0.71,5.37063802812766,1,4,1,2,0,0,0,0.652,1,0,0,1,-0.996,3.4156986699868,0
"Afghanistan","AFG",700,0.05315,0.1179,1,1,0,0,0,0,1,4.61512051684126,17.454194903937,6.92098258919931,2.90122896413847,0,1,0,0.77,10.3057475296953,1,4,0,2,0,0,0,0.462,0,0,0,1,-0.733,3.82037201924313,0
"Democratic Republic of Congo","ZAI",490,0.04909,0.1029,1,1,1,0,0,0,0,4.0943445622221,18.2790084986098,8.25832912882503,4.38452888103882,1,1,1,0.87,5.18178355029209,1,4,1,4,0,0,0,0.454,0,0,0,1,-0.528,4.20897118658471,0
"Somalia","SOM",520,0.04087,0.07246,1,1,1,0,0,0,0,4.0943445622221,16.5526602325317,8.75214259481643,0.023,1,1,0,0.81,7.57353126274595,1,4,1,0,0,0,0,0.304,0,0,0,1,-0.191,-1.45359966107972,0
"India","IND",750,0.03614,0.07974,1,1,0,0,0,0,1,4.29045944114839,21.0354583741811,5.46808924579693,5.02387342771704,0,1,1,0.42,6.17378610390194,1,4,1,2,0,1,0,0.633,0,0,0,1,-0.492,3.6893427744247,0
"Burma/Myanmar","MYA",775,0.03323,0.06046,1,1,0,1,0,0,0,4.27666611901606,17.8053353621039,6.06630035524124,2.88796073310718,0,1,0,0.51,6.3261494731551,1,4,1,2,0,0,0,0.595,1,0,0,1,0.025,4.1057622848489,0
"Nigeria","NIG",475,0.03309,0.07327,1,1,1,0,0,0,0,4.0943445622221,19.1186343501204,8.70057469366248,2.2084292771582,0,1,0,0.85,7.19142933003638,1,4,1,3,0,1,1,0.661,0,0,0,1,-0.751,3.49674491180772,0
"Ethiopia","ETI",530,0.03155,0.06453,1,1,1,0,0,0,0,7.65917136766606,18.5347121287368,6.25299928034539,8.28136104719879,0,1,1,0.72,3.3322045101752,1,4,2,3,0,0,0,0.443,0,0,0,1,0.909,3.35836022297946,0
"Turkey","TUR",640,0.03064,0.07067,0,1,0,0,1,0,0,4.57471097850338,18.2395139002206,3.01662062579967,0.877433457567804,1,1,0,0.32,6.29341927884648,1,4,0,2,0,0,0,0.148,1,0,0,1,-0.245,4.11732025416108,1
"South Sudan","SSD",626,0.03044,0.05938,1,1,1,0,0,0,0,2.19722457733622,16.2190365846356,7.98122797569397,-0.052,0,1,1,0.73,4.70953020131233,1,4,0,2,0,0,0,0.182,1,0,0,1,-0.86,-1.27920538129296,0
"Sudan","SUD",625,0.02828,0.05769,1,1,1,0,0,0,0,4.15888308335967,17.5723579117944,6.48845127900333,-2.55550593992368,0,1,1,0.71,0,1,3,1,1,0,0,0,0.381,0,0,0,1,-1.437,3.28548206647015,1
"Syria","SYR",652,0.02679,0.05867,1,1,0,0,0,1,0,4.30406509320417,16.652841003351,3.74165738677394,-0.137931034482759,0,1,1,0.54,8.8963143241848,1,1,1,1,1,0,0,0.046,1,0,0,1,-1.959,-1.80660326761467,0
"Central African Republic","CEN",482,0.02674,0.04186,1,1,1,0,0,0,0,4.0943445622221,15.372640977675,9.19238815542512,2.97027564753407,1,1,0,0.83,3.89182029811063,1,4,1,3,0,0,0,0.487,0,0,0,1,0.734,4.19170007986504,0
"Yemen","YEM",679,0.02656,0.08125,0,0,0,0,0,1,0,3.40119738166216,17.1883743751411,6.54980915752513,-0.059,0,1,1,0.135,7.41697962138115,1,4,1,0,0,0,0,0.271,1,0,0,1,-1.571,-2.79322133741372,0
"Colombia","COL",100,0.02247,0.04779,0,1,0,0,0,0,0,5.30330490805908,17.7342994828506,3.4928498393146,3.32221278858155,1,1,0,0.6,4.8283137373023,1,4,1,3,0,0,0,0.426,0,0,0,1,-0.172,3.64007668651315,0
"Republic of the Congo","CON",484,0.01979,0.05372,0,1,1,0,0,0,0,4.0943445622221,15.4982933514721,6.01664358259653,-0.89999999818528,1,1,0,0.87,0,1,4,1,3,1,0,0,0.174,0,0,0,1,0.306,4.72073621200782,0
"China","CHN",710,0.01874,0.03232,0,1,0,1,0,0,0,7.71467747380093,21.0581045973143,2.72029410174709,6.10856062651904,0,1,1,0.15,0,1,0,1,0,0,0,0,0.244,1,0,0,1,-0.353,3.57459275977517,0
"Burundi","BUI",516,0.01837,0.0444,0,1,1,0,0,0,0,4.06044301054642,16.260513194536,6.40312423743285,1.84247667669986,0,1,0,0.3,4.11087386417331,1,2,0,4,1,0,0,0.065,0,1,0,1,-0.984,3.73426765338674,1
"Rwanda","RWA",517,0.01832,0.03784,0,1,1,0,0,0,0,4.06044301054642,16.3513439766442,5.19615242270663,9.40693494771058,0,1,1,0.32,5.30330490805908,1,3,1,3,0,0,0,0.3,0,0,0,1,-0.682,3.98269361551623,0
"Mozambique","MZM",541,0.01831,0.03555,0,1,1,0,0,0,0,3.80666248977032,17.22883530496,7.34846922834954,2.2238776554458,0,1,0,0.69,5.63121178182137,1,4,1,4,0,1,0,0.556,0,0,0,0,0.968,4.719849897923,0
"Libya","LIB",620,0.01828,0.04064,0,1,0,0,0,1,0,4.23410650459726,15.7291117780724,3.19374388453426,2.53595347758677,1,1,0,0.79,7.43602781635185,1,3,1,1,0,0,0,0.216,0,0,0,0,1.547,4.77340807138668,0
"Burkina Faso","BFO",439,0.01729,0.02552,0,0,1,0,0,0,0,4.0943445622221,16.8271839933359,7,5.68859898588265,1,1,0,0.74,5.84354441703136,1,4,2,3,0,1,0,0.503,0,0,0,0,2.013,4.09737568394685,1
"Iraq","IRQ",645,0.01717,0.03784,1,1,0,0,0,1,0,4.47733681447821,17.4869839771589,4.74341649025257,4.40091339515327,0,1,0,0.37,6.21260609575152,1,3,1,2,1,1,0,0.376,0,0,0,1,-0.742,4.33564045082866,0
"Chad","CHA",483,0.01659,0.03562,0,1,1,0,0,0,0,4.0943445622221,16.5847735059427,8.44985206971104,3.24718191743432,1,1,1,0.86,5.22035582507832,0,4,0,3,0,1,1,0.397,0,0,0,1,-1.221,4.31174532934977,0
"Cameroon","CAO",471,0.01601,0.02548,0,0,1,0,0,0,0,4.0943445622221,17.068841141461,7.1133676975115,4.01721604289253,1,1,1,0.86,6.54247196050681,0,4,1,4,0,1,0,0.6,0,0,0,1,-0.16,3.70263224566276,0
"Indonesia","INS",850,0.01539,0.03585,0,1,0,1,0,0,0,4.26267987704132,19.4162467555641,4.59347363114234,5.02471402216969,0,1,0,0.74,0,0,4,2,2,0,1,0,0.792,0,0,0,1,0.395,3.61908441790212,0
"Morocco","MOR",600,0.01514,0.047,0,0,0,0,0,1,0,4.15888308335967,17.4120490672296,4.38178046004133,2.3,0,1,0,0.48,0,1,4,2,2,0,0,0,0.611,0,0,0,1,-0.295,4.47121801934437,0
"Uzbekistan","UZB",704,0.01482,0.02694,0,0,0,0,0,0,1,3.36729582998647,17.3294605661863,4.37035467668243,5.5637239532422,1,1,1,0.41,0,1,3,1,2,0,0,0,0.557,0,0,0,1,0.128,4.29069061713587,0
"Angola","ANG",540,0.0146,0.03284,0,1,1,0,0,0,0,3.80666248977032,17.275771971807,7.18331399842719,-0.869393785304467,1,1,1,0.79,3.25809653802148,1,4,1,3,0,1,1,0.554,0,0,0,1,-1.373,4.19536585608481,0
"Egypt","EGY",651,0.01459,0.03281,0,1,0,0,0,1,0,4.20469261939097,18.4245539633445,4.25440947723653,5.55768388791593,1,1,0,0.18,6.10702288774226,1,3,1,2,0,1,0,0.125,0,0,0,1,-0.102,3.87698158489278,0
"Laos","LAO",812,0.01422,0.0234,0,1,0,1,0,0,0,4.26267987704132,15.7853401985292,6.13188388670236,4.65188711866027,0,1,1,0.51,0,1,0,1,2,1,0,0,0.063,0,0,0,1,-0.039,4.31871257585152,0
"Mali","MLI",432,0.01371,0.02267,0,0,1,0,0,0,0,4.0943445622221,16.7939965150736,7.87400787401181,5.04000000192866,1,1,0,0.69,6.40357419793482,1,4,1,3,0,1,1,0.915,0,0,0,1,1.243,4.04636152509306,0
"Philippines","PHI",840,0.01363,0.01773,1,1,0,1,0,0,0,4.80402104473326,18.4987209710763,4.74341649025257,6.04057525673343,1,1,1,0.24,5.73657229747919,1,4,1,4,0,1,1,0.676,0,0,0,1,-0.535,4.22839320112204,0
"Uganda","UGA",500,0.01357,0.03503,0,1,1,0,0,0,0,4.06044301054642,17.6058086336701,5.81377674149945,6.50734252680792,1,1,1,0.93,5.80814248998044,1,4,1,3,1,1,1,0.259,0,1,0,1,1.607,3.82905137120712,0
"Kenya","KEN",501,0.01349,0.02477,0,0,1,0,0,0,0,4.04305126783455,17.7777317453632,5.53172667437573,5.36574896547464,0,1,0,0.86,4.12713438504509,1,4,1,4,0,1,0,0.838,0,0,0,1,0.442,3.50859910467245,0
"Bangladesh","BNG",771,0.01234,0.0266,0,1,0,0,0,0,1,3.89182029811063,18.9095439149975,5.00999001995014,8.15268494677524,0,1,0,0.05,0,1,3,1,3,0,1,0,0.338,0,0,0,1,-2.393,3.60439124804036,0
"Tajikistan","TAJ",702,0.0123,0.01883,0,0,0,0,0,0,1,3.36729582998647,16.0477824081647,5.51361950083609,7.01126898499351,1,1,1,0.51,0,1,2,1,1,0,0,0,0.287,0,0,0,1,-1.79,4.03676389736265,0
"Ivory Coast","IVO",437,0.01203,0.02617,0,1,1,0,0,0,0,4.0943445622221,17.0626450781652,7.70713954719908,6.85233458692178,1,1,1,0.82,0,1,4,1,4,0,1,1,0.743,0,0,0,1,-0.394,3.81984366666807,0
"Niger","NIR",436,0.01199,0.01741,0,0,1,0,0,0,0,4.0943445622221,16.9644236840722,6.92820323027551,5.828590083927,1,1,0,0.65,5.70044357339069,1,4,1,4,0,1,1,0.723,0,0,0,0,1.974,3.68167748169678,0
"Tanzania","TAZ",510,0.01164,0.02608,0,1,1,0,0,0,0,4.07753744390572,17.8760477537303,6.13188388670236,5.79137137632071,0,1,0,0.74,0,1,4,1,3,0,1,1,0.713,0,0,0,0,0.943,3.47317506989289,0
"Iran","IRN",630,0.0112,0.02552,0,1,0,0,0,1,0,6.25190388316589,18.2333133503082,3.5213633723318,0.037,0,1,1,0.67,3.40119738166216,0,2,1,1,0,1,0,0.336,0,0,0,1,-0.238,3.88733346467766,0
"Nicaragua","NIC",93,0.01081,0.01808,0,1,0,0,0,0,0,5.2040066870768,15.6942886541557,3.96232255123179,-3.87850990043628,1,1,1,0.48,0,1,4,0,3,0,0,0,0.151,0,0,0,1,-0.477,4.55467281151928,0
"Nepal","NEP",790,0.01067,0.0183,0,1,0,0,0,0,1,5.52942908751142,17.1692217748801,5.16720427310553,6.99121243755611,1,1,0,0.66,0,1,4,2,3,0,1,0,0.766,0,0,0,0,0.465,4.00598538894044,0
"South Africa","SAF",560,0.01059,0.02199,0,1,1,0,0,0,0,4.70048036579242,17.8855328848312,5.33853912601566,0.152583316664234,1,1,0,0.75,0,1,4,1,4,0,1,1,0.784,0,0,0,1,1.477,4.08099816157934,0
"Sierra Leone","SIE",451,0.01046,0.01845,0,1,1,0,0,0,0,4.07753744390572,15.8713270888391,8.86002257333468,5.51346016799847,1,1,0,0.82,0,0,4,1,4,0,1,1,0.855,0,0,0,0,0.562,4.03770067425865,0
"Guinea","GUI",438,0.01044,0.02119,0,1,1,0,0,0,0,4.12713438504509,16.3627067956842,8.05605362444913,5.5769689028111,1,1,0,0.74,0,1,4,1,3,0,1,1,0.662,0,0,0,1,-1.056,4.68878337124512,0
"Equatorial Guinea","EQG",411,0.01031,0.01417,0,1,1,0,0,0,0,3.95124371858143,14.1200394229454,7.91201617794099,-5.57630845388924,1,1,1,0.35,0,1,2,1,3,0,0,0,0.231,0,0,0,1,-1.082,4.67638619144142,0
"Thailand","THI",800,0.009674,0.019,0,1,0,1,0,0,0,6.50727771238501,18.0586426152432,2.79284800875379,2.37187626010143,0,1,1,0.63,4.02535169073515,1,4,1,4,0,1,1,0.255,0,0,0,1,0.378,4.70319663306713,0
"Russia","RUS",365,0.009426,0.01418,0,1,0,0,1,0,0,3.36729582998647,18.7879144920027,2.46981780704569,1.3418754406612,1,1,0,0.25,3.29583686600433,1,3,1,2,0,1,1,0.572,0,0,0,0,-0.628,3.89333078668862,0
"Eritrea","ERI",531,0.009026,0.01303,0,0,1,0,0,0,0,3.29583686600433,15.6207119451237,5.59464029227975,0.05,0,1,1,0.65,0,1,0,1,1,0,0,0,0.081,0,0,1,1,0.556,-1.71484664710867,0
"Malawi","MAW",553,0.008786,0.01698,0,1,1,0,0,0,0,4.02535169073515,16.7402164832037,5.94138031100518,4.36923898629438,1,1,0,0.67,0,0,4,1,4,0,1,1,0.858,0,0,0,1,-0.203,4.19877228670607,0
"Brazil","BRA",140,0.008694,0.01648,0,0,0,0,0,0,0,5.27299955856375,19.1676033890152,3.57770876399966,1.13658557200958,0,1,0,0.54,0,1,4,1,3,0,1,1,0.784,0,0,0,1,-0.578,3.36648942375302,0
"Madagascar","MAG",580,0.008669,0.01486,0,0,1,0,0,0,0,4.0943445622221,17.1102099995689,6.18061485614498,4.79999999990962,1,1,0,0.88,0,1,4,1,4,0,1,1,0.654,0,0,0,1,0.246,4.0913760622549,0
"North Korea","PRK",731,0.0085,0.01133,1,1,0,1,0,0,0,4.27666611901606,17.059799360288,4.47213595499958,-0.0165809033733562,0,1,1,0.04,0,1,0,1,1,1,0,0,0.022,0,1,1,1,-1.14,-2.84196588061864,0
"United Arab Emirates","UAE",696,0.008015,0.0146,0,0,0,0,0,1,0,3.89182029811063,16.094881167896,2.54950975679639,1.67772037080395,0,1,1,0.63,0,1,1,1,3,0,0,0,0.38,0,0,0,1,-0.84,5.08100734757848,0
"Liberia","LBR",450,0.008006,0.01582,0,1,1,0,0,0,0,5.15329159449778,15.4123441688786,7.3143694191639,-2.27824512534819,0,1,0,0.91,0,1,4,1,4,0,1,1,0.77,0,0,0,1,1.018,4.84774198776667,0
"Algeria","ALG",615,0.007951,0.01695,0,1,0,0,0,1,0,4.06044301054642,17.5779437270884,4.48330235429198,0.799999999999997,1,1,0,0.34,0,1,3,1,2,0,1,1,0.618,0,0,0,0,0.682,3.95210439760074,0
"Zimbabwe","ZIM",552,0.007876,0.02115,0,1,1,0,0,0,0,3.68887945411394,16.4996414940325,5.82237065120386,-8.10000019886094,0,1,1,0.39,0,1,4,1,4,1,1,1,0.275,0,1,0,1,-0.327,3.91213022850182,1
"Zambia","ZAM",551,0.007825,0.01258,0,0,1,0,0,0,0,4.02535169073515,16.6981318025224,6.35609943282828,1.70579287476636,1,1,0,0.78,0,1,4,1,4,0,1,1,0.811,0,0,0,1,0.443,4.24899561322262,0
"Ukraine","UKR",369,0.007684,0.008896,0,0,0,0,1,0,0,3.36729582998647,17.6084156246492,2.73861278752583,3.23349118845559,1,1,0,0.47,5.45958551414416,0,3,1,3,0,1,1,0.656,0,0,0,0,-1.077,4.50173880980407,0
"Bolivia","BOL",145,0.007555,0.009627,0,0,0,0,0,0,0,5.27299955856375,16.2589960754515,4.6690470119715,2.21670710143222,1,1,0,0.74,0,1,4,1,4,0,0,0,0.626,0,1,0,0,1.385,4.03242140270756,0
"Mexico","MEX",70,0.007497,0.0103,0,0,0,0,0,0,0,5.29330482472449,18.6642191314862,3.3166247903554,-0.145602324756538,1,1,0,0.54,0,1,4,1,4,0,1,1,0.89,0,0,0,0,1.074,4.35896233139485,0
"Peru","PER",135,0.007177,0.0121,0,1,0,0,0,0,0,4.94875989037817,17.2970722263571,3.33166624979154,2.1501313906839,1,1,0,0.66,0,1,4,2,4,0,1,1,0.904,0,0,0,1,1,3.85273770374198,0
"Haiti","HAI",41,0.006974,0.01187,0,1,0,0,0,0,0,5.37527840768417,16.2370404115509,7.03562363973514,-0.934870010359219,0,1,1,0.1,0,1,4,1,4,0,1,1,0.819,0,0,0,1,-0.99,4.30822553518924,0
"Guatemala","GUA",90,0.006792,0.01073,0,1,0,0,0,0,0,5.19849703126583,16.6251557540416,4.70106370941726,3.84599785330366,1,1,1,0.51,0,1,4,1,4,0,1,1,0.725,1,0,0,1,-0.164,3.82571490731476,0
"Senegal","SEN",433,0.006791,0.009351,0,0,1,0,0,0,0,4.0943445622221,16.6064525734091,5.63914887194867,5.27119235758356,1,1,0,0.69,0,1,4,1,3,0,1,1,0.883,0,0,0,0,0.679,4.10274918515946,0
"Togo","TOG",461,0.006737,0.009247,0,0,1,0,0,0,0,4.0943445622221,15.9051952094155,6.8847657912234,5.31253500494988,1,1,0,0.71,0,0,4,2,4,0,1,1,0.357,0,0,0,0,-0.136,4.26606925911308,0
"Democratic Republic of Vietnam","VIE",816,0.006718,0.008435,0,1,0,1,0,0,0,3.78418963391826,18.3846608052509,4.06201920231798,7.0174348821878,0,1,0,0.24,0,1,0,2,2,0,1,1,0.41,0,0,0,1,0.123,5.34901164661029,0
"Comoros","COM",581,0.00671,0.007209,0,0,1,0,0,0,0,3.80666248977032,13.6540334385351,7.16240183178799,2.71525946491546,0,1,0,0,0,1,3,1,2,0,0,0,0.38,0,0,0,0,1.599,3.76339587356851,0
"Sri Lanka","SRI",780,0.006596,0.01198,0,1,0,0,0,0,1,3.87120101090789,16.8975581329702,2.5298221281347,2.283465301232,1,1,0,0.42,0,1,4,0,3,0,1,1,0.781,0,0,0,1,0.702,3.95835039808751,0
"United States of America","USA",2,0.006521,0.01009,0,0,0,0,0,0,0,5.46806014113513,19.6092541528922,2.36643191323985,2.33357749194299,0,1,0,0.49,3.63758615972639,1,4,1,4,0,1,1,0.876,0,1,0,0,0.581,3.31403627779679,0
"Turkmenistan","TKM",701,0.006469,0.006515,0,0,0,0,0,0,1,3.36729582998647,15.5975713130144,6.26897120746299,0.065,1,1,1,0.39,0,1,0,1,1,0,0,0,0.14,0,1,0,1,-0.969,3.56000551027433,0
"Argentina","ARG",160,0.006306,0.008824,0,1,0,0,0,0,0,5.31811999384422,17.6208101638746,2.96647939483827,-2.16295212091666,1,1,0,0.26,0,1,4,1,4,0,1,1,0.915,0,0,0,0,0.967,3.47796290872894,0
"Azerbaijan","AZE",373,0.006286,0.008374,0,1,0,0,1,0,0,3.36729582998647,16.1204247365315,4.38178046004133,2.21870427670238,1,1,1,0.2,0,1,4,1,2,0,1,0,0.396,0,0,0,1,-1.544,4.45485737559727,0
"Mauritania","MAA",435,0.006261,0.007926,0,0,1,0,0,0,0,4.0943445622221,15.325281935443,7.17635004720366,5.93051088463308,0,1,1,0.62,0,1,3,1,2,0,1,0,0.777,0,0,0,1,-1.458,4.54561563597839,0
"Kyrgyzstan","KYR",703,0.006203,0.008282,0,0,0,0,0,0,1,3.36729582998647,15.6806598844204,4.11096095821889,4.50713892307806,1,1,0,0.68,0,1,4,1,3,0,1,0,0.675,0,0,0,1,0.275,4.63555387740418,0
"Dominican Republic","DOM",42,0.006126,0.00816,0,1,0,0,0,0,0,5.04342511691925,16.189388621854,4.90917508345343,5.08717603728121,1,1,0,0.43,0,1,4,1,4,0,1,1,0.938,1,0,0,0,0.682,3.96954450381345,0
"Cambodia","CAM",811,0.006029,0.00923,0,1,0,1,0,0,0,4.20469261939097,16.6180549696949,4.89897948556636,7.05410693233324,0,1,1,0.21,0,1,3,0,3,0,1,1,0.331,0,0,0,1,-1.232,4.81669873369839,0
"Swaziland","SWA",572,0.005972,0.005922,0,0,1,0,0,0,0,3.95124371858143,13.9536450898686,6.557438524302,2.01391840497347,0,1,1,0.06,0,1,1,1,2,0,0,0,0.183,0,0,0,1,-1.206,4.43572546209663,0
"Bahrain","BAH",692,0.005917,0.01444,0,0,0,0,0,1,0,3.89182029811063,14.3109211787173,2.46981780704569,1.81956900625906,0,1,1,0.5,0,0,3,1,2,0,0,0,0.218,1,0,1,1,-1.914,5.01995740324844,0
"Venezuela","VEN",101,0.005811,0.006741,0,0,0,0,0,0,0,5.24702407216049,17.1659698945682,4.62601340248815,-0.14,1,1,1,0.5,0,1,3,1,3,0,1,1,0.328,0,0,0,1,1.183,-2.11359348897597,0
"Gabon","GAB",481,0.005807,0.00919,0,0,1,0,0,0,0,4.0943445622221,14.5914254990969,5.71839138219832,3.39411015217392,0,1,0,0.77,0,1,4,1,4,0,1,1,0.896,0,0,0,1,0.386,4.28962565174613,1
"Kazakhstan","KZK",705,0.005806,0.00591,0,0,0,0,0,0,1,3.36729582998647,16.7340339796796,2.96647939483827,4.50000000008481,1,1,0,0.62,0,0,2,1,2,0,1,0,0.568,0,0,0,0,-0.58,4.16560273956485,0
"Guinea-Bissau","GNB",404,0.005462,0.007265,0,0,1,0,0,0,0,3.8286413964891,14.4683158370742,7.34846922834954,4.60009404540054,1,1,0,0.81,0,1,4,1,4,0,1,1,0.73,0,0,0,1,-0.253,4.04320135915522,0
"Malaysia","MAL",820,0.005458,0.008207,0,0,0,1,0,0,0,4.14313472639153,17.2796757591077,2.58843582110896,4.3302184155654,0,1,1,0.59,0,1,4,1,3,0,1,1,0.642,0,0,0,1,1.251,4.81292351798713,0
"Canada","CAN",20,0.005353,0.006353,0,0,0,0,0,0,0,5.03043792139244,17.4422289824666,2.07364413533277,1.65604085428095,1,1,0,0.71,0,1,4,1,4,0,1,1,0.959,0,0,0,0,2.054,4.17402881328293,0
"Benin","BEN",434,0.005302,0.006952,0,0,1,0,0,0,0,4.0943445622221,16.2837076270518,7.77817459305202,6.86568733525598,1,1,0,0.79,0,1,4,1,4,0,1,1,0.725,0,1,0,0,1.137,4.15389146333416,0
"Saudi Arabia","SAU",670,0.005209,0.007841,0,0,0,0,0,1,0,4.47733681447821,17.3497379399082,2.44948974278318,0.331435726946069,0,1,1,0.18,0,1,0,1,0,0,0,0,0.232,0,1,0,1,-1.206,4.12976111321165,0
"Ghana","GHA",452,0.005074,0.006964,0,0,1,0,0,0,0,4.14313472639153,17.2305403623642,5.90762219509677,6.47839480535899,1,1,0,0.67,0,1,4,2,4,0,1,1,0.866,0,1,0,0,0.741,4.2679923719359,0
"Cuba","CUB",40,0.004869,0.004617,0,1,0,0,0,0,0,5.02388052084628,16.2432719997075,1.92353840616713,0.016,0,1,0,0.59,0,1,0,1,3,0,0,0,0.248,0,1,0,0,1.287,3.2993406540198,0
"Djibouti","DJI",522,0.004712,0.004134,0,0,1,0,0,0,0,3.76120011569356,13.7887147351771,7.05691150575094,7.47031842181347,1,1,0,0.8,0,1,3,1,2,0,1,0,0.514,0,0,0,0,-0.71,5.69798666744206,0
"Israel","ISR",666,0.00471,0.00826,0,0,0,0,0,1,0,4.27666611901606,16.0186398900948,1.73205080756888,3.51408454632801,0,1,0,0.34,3.93182563272433,1,4,1,4,0,1,1,0.808,0,0,0,0,0.834,4.06842198390337,0
"Honduras","HON",91,0.004573,0.004543,0,0,0,0,0,0,0,5.2040066870768,16.0923795072386,3.88587184554509,2.65276116021215,1,1,0,0.19,0,1,4,0,4,0,1,0,0.626,0,0,0,1,-1.373,4.57071694348384,0
"Bosnia and Herzegovina","BOS",346,0.004515,0.005282,0,1,0,0,1,0,0,3.3322045101752,15.0097360108353,2.23606797749979,2.58262786645444,1,1,0,0.63,0,1,4,1,4,0,1,0,0.657,0,0,0,1,0.454,4.56310385799124,0
"Jordan","JOR",663,0.004454,0.009744,0,1,0,0,0,1,0,4.30406509320417,16.1282136905199,3.72827037646145,2,0,1,1,0.59,0,1,4,1,3,0,1,0,0.727,0,1,0,1,0.639,4.47297695909974,0
"Namibia","NAM",565,0.004434,0.005402,0,0,1,0,0,0,0,3.40119738166216,14.7296108926691,5.3851648071345,-1.13409795187005,1,1,0,0.63,0,1,4,1,4,0,1,1,0.831,0,0,0,1,1.17,4.42455395070556,0
"Tunisia","TUN",616,0.004425,0.006962,0,0,0,0,0,1,0,4.15888308335967,16.2746479303496,3.82099463490856,1.04278001589519,1,1,0,0.04,0,1,4,2,3,0,1,1,0.757,0,0,0,0,1.423,4.70533390707512,0
"Papua New Guinea","PNG",910,0.004243,0.006067,0,1,0,1,0,0,0,3.80666248977032,15.9875437010971,6.16441400296898,5.62379797684798,0,1,0,0.27,0,1,4,1,4,0,1,1,0.832,0,1,0,0,-0.273,-0.74876087893677,0
"Qatar","QAT",694,0.004006,0.006073,0,0,0,0,0,1,0,3.89182029811063,14.856517391708,2.40831891575846,-0.183327100617944,0,1,1,0.75,0,0,1,1,1,0,0,0,0.155,0,1,0,1,-1.667,4.46069180774324,0
"Botswana","BOT",571,0.003963,0.004706,0,0,1,0,0,0,0,3.98898404656427,14.650025781733,5.47722557505166,2.96613593278983,0,1,0,0.41,0,0,4,1,4,0,1,1,0.845,0,0,0,0,0.495,4.30555913848452,0
"Lebanon","LEB",660,0.003915,0.0059,0,0,0,0,0,1,0,4.34380542185368,15.74059287724,2.5298221281347,-5.6371706405001,0,1,0,0.13,0,1,4,1,3,0,1,0,0.671,0,0,0,0,-0.431,4.15279692530648,0
"Serbia","SRB",345,0.003911,0.00447,0,0,0,0,1,0,0,2.63905732961526,15.7535289344521,2.19089023002066,4.18709870016374,1,1,0,0.57,0,1,4,1,4,0,1,1,0.756,0,0,0,1,1.248,4.72423353009564,0
"Paraguay","PAR",150,0.003871,0.004077,0,0,0,0,0,0,0,5.34233425196481,15.7677770341306,4.14728827066554,-0.029914393294078,1,1,1,0.17,0,1,4,1,4,0,1,1,0.792,0,0,0,1,0.283,4.23638797755363,0
"Panama","PAN",95,0.003768,0.003722,0,0,0,0,0,0,0,4.76217393479776,15.261591307328,3.61939221417077,3.00638929488115,1,1,0,0.55,0,1,4,1,4,0,1,1,0.873,0,0,0,0,0.062,4.49303290101186,0
"Kuwait","KUW",690,0.003767,0.005192,0,0,0,0,0,1,0,4.07753744390572,15.2522800914011,2.58843582110896,0.412348552959656,0,1,0,0.66,0,0,2,1,3,0,1,0,0.433,0,0,0,1,-0.44,4.61003415845072,0
"Moldova","MLD",359,0.003626,0.00389,0,0,0,0,1,0,0,3.36729582998647,14.7929479400802,3.68781778291716,3.45627812183513,1,1,0,0.55,0,1,4,1,4,0,1,1,0.851,0,0,0,1,0.168,4.45165448617931,0
"Germany","GER",255,0.003441,0.003737,0,0,0,0,1,0,0,3.40119738166216,18.2359498750956,1.7606816861659,0.564174893341843,1,1,0,0.17,0,1,4,1,4,0,1,1,0.967,0,1,0,0,1.979,4.47845733004578,0
"South Korea","ROK",732,0.003392,0.004076,0,1,0,1,0,0,0,4.27666611901606,17.7611443007857,1.6431676725155,2.03315097078062,1,1,0,0,0,1,4,1,4,0,1,1,0.958,0,1,0,0,1.357,4.34002419240112,0
"Poland","POL",290,0.003379,0.003907,0,1,0,0,1,0,0,4.62497281328427,17.4523299501153,1.94935886896179,4.1470237556496,1,1,0,0.12,0,1,4,0,4,0,1,1,0.824,0,1,0,0,2.077,4.66572391349451,0
"Ecuador","ECU",130,0.003324,0.003852,0,0,0,0,0,0,0,5.24702407216049,16.6704659392557,3.4928498393146,0.0537188288209904,1,1,0,0.66,0,1,4,1,4,0,1,1,0.943,0,1,0,1,0.674,3.84459848065325,0
"Romania","RUM",360,0.003261,0.003814,0,1,0,0,1,0,0,4.96284463025991,16.7785411114808,2.46981780704569,4.07954831035234,1,1,0,0.31,0,1,4,0,4,0,1,1,0.877,0,1,0,0,0.317,4.43745979506778,0
"Guyana","GUY",110,0.003224,0.003092,0,0,0,0,0,0,0,3.98898404656427,13.5705890797335,5.00999001995014,4.69589172228575,1,1,0,0.62,0,0,4,1,4,0,1,1,0.883,0,0,0,1,0.884,4.37048230994165,0
"Lesotho","LES",570,0.003186,0.003446,0,0,1,0,0,0,0,3.98898404656427,14.5694084700356,8.10555365166378,1.51600143941178,1,1,0,0.26,0,1,4,1,4,0,1,1,0.744,0,1,0,1,0.816,4.90247020556384,0
"The Gambia","GAM",420,0.003179,0.003678,0,0,1,0,0,0,0,4.00733318523247,14.6689492391431,6.2449979983984,5.97520433213347,1,1,0,0.79,0,0,4,1,4,0,1,1,0.803,0,1,0,1,1.185,4.18181268143139,0
"Fiji","FJI",950,0.003117,0.003367,0,0,0,1,0,0,0,3.91202300542815,13.6989239313251,4.6475800154489,1.0632603443498,0,1,0,0.55,0,1,4,1,3,0,1,1,0.553,0,0,0,1,0.891,-0.417854363358036,0
"Chile","CHL",155,0.003112,0.003899,0,1,0,0,0,0,0,5.30826769740121,16.7574220298842,2.48997991959775,1.05444255073994,1,1,0,0.19,0,1,4,1,4,0,1,1,0.87,0,1,0,1,0.663,4.03886336735424,0
"Croatia","CRO",344,0.003099,0.003173,0,0,0,0,1,0,0,3.36729582998647,15.2185391180753,2,2.93606563981361,1,1,0,0.37,0,1,4,1,4,0,1,1,0.741,0,0,0,1,0.33,4.6332694119916,0
"Timor-Leste","ETM",860,0.002992,0.003296,0,0,0,1,0,0,0,2.89037175789616,14.0725676875485,6.26897120746299,3.41419234594697,0,1,0,0.9,0,1,4,1,4,0,1,1,0.886,0,1,0,0,0.325,4.14323859775099,0
"Japan","JPN",740,0.002989,0.003333,0,0,0,1,0,0,0,7.2152399787301,18.6538928844735,1.34164078649987,0.654151650312727,0,1,0,0.01,0,1,4,1,4,0,1,1,0.815,0,1,0,0,1.989,3.60594631428231,0
"United Kingdom","UKG",200,0.002977,0.003387,0,0,0,0,1,0,0,6.18208490671663,18.017728550827,1.89736659610103,1.40864210073207,0,1,0,0.12,0,1,4,1,4,0,1,1,0.955,0,1,0,0,0.933,4.16283896475708,0
"Spain","SPN",230,0.002944,0.003032,0,0,0,0,1,0,0,6.26909628370626,17.6672904650367,1.58113883008419,1.97910056122981,1,1,0,0.42,0,1,4,2,4,0,1,1,0.875,0,1,0,0,1.113,4.20345407113596,0
"Italy","ITA",325,0.002919,0.002875,0,0,0,0,1,0,0,5.06890420222023,17.9147994766854,1.61245154965971,0.301256161257641,1,1,0,0.11,0,1,4,1,4,0,1,1,0.968,0,1,0,0,1.989,4.09666569957972,0
"France","FRN",220,0.002853,0.00281,0,0,0,0,1,0,0,7.07072410726028,18.0210966139428,1.84390889145858,1.5085940345287,1,1,0,0.1,0,1,4,2,4,0,1,1,0.927,0,1,0,0,1.015,4.16701754985416,0
"El Salvador","SAL",92,0.002751,0.00323,0,1,0,0,0,0,0,5.18738580584076,15.6801413898215,3.43511280746353,2.38236290798393,1,1,0,0.2,0,1,4,1,4,0,1,1,0.842,0,1,0,1,-0.331,4.34612580139435,0
"Georgia","GRG",372,0.002719,0.003222,0,1,0,0,1,0,0,3.36729582998647,15.1293369091493,2.94957624075053,5.13681326408893,1,1,0,0.49,0,1,4,1,4,0,1,1,0.967,0,1,0,1,1.038,4.76104929855755,0
"Bulgaria","BUL",355,0.002679,0.002861,0,1,0,0,1,0,0,4.95582705760126,15.757951983663,2.42899156029822,3.3716155456754,1,1,0,0.4,0,1,4,1,4,0,1,1,0.853,0,1,0,0,0.948,4.81804604454071,0
"Hungary","HUN",310,0.002499,0.00285,0,1,0,0,1,0,0,5.14166355650266,16.0948218039439,1.89736659610103,4.92779227450188,1,1,0,0.15,0,1,4,1,4,0,1,1,0.829,0,1,0,1,0.601,5.0936308186455,0
"Australia","AUL",900,0.002462,0.002276,0,0,0,1,0,0,0,4.77912349311153,17.0488535074979,1.7606816861659,1.89682574004799,1,1,0,0.09,0,1,4,1,4,0,1,1,0.937,0,1,0,0,0.774,3.82179661784776,0
"Belgium","BEL",211,0.002382,0.002155,0,0,0,0,1,0,0,5.24702407216049,16.2564701094837,1.70293863659264,1.40445520080598,1,1,0,0.56,0,1,4,1,4,0,1,1,0.943,0,1,0,0,1.989,5.09554748932995,0
"Bhutan","BHU",760,0.002329,0.001922,0,0,0,0,0,0,1,4.90527477843843,13.5451338796688,4.97995983919549,0.074,0,1,0,0.6,0,1,3,1,2,0,1,0,0.676,0,1,0,0,1.356,4.46258900144291,0
"Czech Republic","CZR",316,0.00229,0.002087,0,0,0,0,1,0,0,3.29583686600433,16.1829193501788,1.6431676725155,2.56593123327613,1,1,0,0.32,0,1,4,1,4,0,1,1,0.963,0,1,0,0,1.053,4.97588141760248,0
"Belarus","BLR",370,0.002218,0.001953,0,0,0,0,1,0,0,3.36729582998647,16.0633074142633,1.61245154965971,1.22209662862558,1,1,0,0.32,0,1,4,1,3,0,1,1,0.725,0,1,0,0,1.914,4.89294717503128,0
"Netherlands","NTH",210,0.002192,0.001845,0,0,0,0,1,0,0,6.11368217983223,16.6681141028734,1.8165902124585,1.81050308239988,1,1,0,0.11,0,1,4,1,4,0,1,1,0.925,0,1,0,0,1.85,5.03904344783812,0
"Albania","ALB",339,0.002175,0.002154,0,1,0,0,1,0,0,4.68213122712422,14.8642989983956,2.79284800875379,2.21406315283737,1,1,0,0.22,0,1,4,1,4,0,1,1,0.815,0,1,0,0,-1.289,4.34027060453619,0
"Switzerland","SWZ",225,0.002164,0.002097,0,0,0,0,1,0,0,6.59167373200866,15.9643419589876,1.92353840616713,0.928832440259029,0,1,0,0.53,0,1,4,1,4,0,1,1,0.92,0,1,0,0,1.642,4.78280155779437,0
"Mongolia","MON",712,0.002159,0.001814,0,0,0,1,0,0,0,4.69134788222914,14.9864952898171,3.74165738677394,5.09916789591993,1,1,0,0.37,0,1,4,2,4,0,1,1,0.952,0,1,0,0,1.107,4.83436635103708,0
"Jamaica","JAM",51,0.00214,0.00177,0,0,0,0,0,0,0,4.06044301054642,14.8967321682474,3.5213633723318,0.700000000000017,1,1,0,0.41,0,1,4,1,4,0,1,1,0.924,0,1,0,0,1.526,4.48893274982714,0
"Trinidad and Tobago","TRI",52,0.002094,0.001749,0,0,0,0,0,0,0,4.06044301054642,14.1483856182116,4.04969134626332,-0.00237163220216985,1,1,0,0.65,0,1,4,1,4,0,1,1,0.883,0,1,0,0,0.422,-0.273321998475972,0
"Greece","GRC",350,0.002088,0.001702,0,0,0,0,1,0,0,5.23644196282995,16.1872785577208,1.89736659610103,1.87086967360185,1,1,0,0.16,0,1,4,1,3,0,1,1,0.959,0,1,0,0,2.565,4.30924714012883,0
"Slovakia","SLO",317,0.002059,0.001911,0,0,0,0,1,0,0,3.29583686600433,15.5118732269699,2.14476105895272,2.3985688583486,1,1,0,0.25,0,1,4,1,3,0,1,1,0.931,0,1,0,1,1.244,5.22170597295029,0
"New Zealand","NEW",920,0.002006,0.001644,0,0,0,1,0,0,0,4.72738781871234,15.4082091463941,2.16794833886788,2.17097838905372,1,1,0,0.4,0,1,4,1,4,0,1,1,0.945,0,1,0,0,1.806,4.02431454397749,0
"Oman","OMA",698,0.002001,0.001823,0,0,0,0,0,1,0,5.91350300563827,15.4199331145005,3.13049516849971,0.499999999999986,0,1,1,0.44,0,1,0,1,3,0,1,0,0.321,0,1,0,1,-0.503,4.61200823960466,0
"Costa Rica","COS",94,0.001999,0.001626,0,0,0,0,0,0,0,5.29330482472449,15.4344157142868,2.75680975041804,2.08385993806746,1,1,0,0.24,0,1,4,1,4,0,1,1,0.936,0,1,0,0,0.676,4.19115385771382,0
"Singapore","SIN",830,0.001986,0.002118,0,0,0,1,0,0,0,4.00733318523247,15.5566026772116,1.51657508881031,0.733309934559728,0,1,1,0.39,0,1,4,1,3,0,1,1,0.468,0,1,0,1,0.759,5.76565614067355,0
"Austria","AUS",305,0.001967,0.001628,0,0,0,0,1,0,0,4.62497281328427,15.9989817676169,1.70293863659264,1.61295932765668,1,1,0,0.11,0,1,4,1,3,0,1,1,0.953,0,1,0,0,0.819,4.67957893061457,0
"Armenia","ARM",371,0.001945,0.001572,0,0,0,0,1,0,0,3.36729582998647,14.8999329782934,3.3166247903554,7.59999999999998,1,1,0,0.13,0,0,4,1,3,0,1,1,0.91,0,1,0,0,0.21,4.51559864985567,0
"Cyprus","CYP",352,0.001942,0.00138,0,0,0,0,1,0,0,4.0943445622221,13.9966439091214,1.37840487520902,3.23009031446846,1,1,0,0.09,0,1,4,1,4,0,1,1,0.927,0,0,0,0,1.737,4.96034470665375,0
"Macedonia","MAC",343,0.001942,0.001812,0,0,0,0,1,0,0,3.36729582998647,14.5697391971513,2.72029410174709,0,1,1,0,0.5,0,1,4,1,3,0,1,1,0.741,0,1,0,1,-0.576,-1.03691204015754,0
"Portugal","POR",235,0.00186,0.001441,0,0,0,0,1,0,0,6.77650699237218,16.1446808130101,1.7606816861659,2.16440359317662,1,1,0,0.05,0,1,4,1,4,0,1,1,0.96,0,1,0,0,1.44,4.47325130970353,0
"Mauritius","MAS",590,0.00185,0.001552,0,0,1,0,0,0,0,3.95124371858143,14.0511445775858,3.68781778291716,3.55078438012413,1,1,0,0.46,0,0,4,1,4,0,1,1,0.918,0,1,0,0,1.447,4.53054337644674,0
"Sweden","SWD",380,0.001846,0.001428,0,0,0,0,1,0,0,6.20859002609663,16.1462411248246,1.48323969741913,1.19485342626979,1,1,0,0.06,0,1,4,1,4,0,1,1,0.832,0,1,0,0,1.959,4.5051940854964,0
"Uruguay","URU",165,0.001802,0.001362,0,0,0,0,0,0,0,5.27299955856375,15.0572801775665,2.5298221281347,0.222121734706946,1,1,0,0.25,0,1,4,1,4,0,1,1,0.944,0,1,0,0,2.003,3.71430599322832,0
"Latvia","LAT",367,0.001755,0.001425,0,0,0,0,1,0,0,3.36729582998647,14.4640729443778,1.8165902124585,2.19744176834507,1,1,0,0.59,0,1,4,2,4,0,1,1,0.946,0,1,0,0,1.268,4.78523972938967,0
"Ireland","IRE",205,0.00175,0.001337,0,0,0,0,1,0,0,4.58496747867057,15.4131681541428,1.7606816861659,5.54976705317371,1,1,0,0.12,0,1,4,1,4,0,1,1,0.949,0,1,0,0,1.75,5.47736311241017,0
"Lithuania","LIT",368,0.001735,0.001364,0,0,0,0,1,0,0,3.36729582998647,14.8404203307317,1.8165902124585,3.93040797628885,1,1,0,0.32,0,1,4,1,4,0,1,1,0.806,0,1,0,0,1.124,5.01449942215177,0
"Solomon Islands","SOL",940,0.00169,0.001178,0,0,0,1,0,0,0,3.73766961828337,13.4147687773612,4.13521462562707,2.69398505322623,0,1,0,0.11,0,1,4,1,4,0,1,0,0.815,0,1,0,0,0.607,-0.0658078594213294,0
"Finland","FIN",375,0.001685,0.001241,0,0,0,0,1,0,0,4.62497281328427,15.5239453006934,1.18321595661992,0.979581810261166,1,1,0,0.13,0,1,4,0,3,0,1,1,0.94,0,1,0,0,2.535,4.37533773038844,0
"Norway","NOR",385,0.001675,0.001241,0,0,0,0,1,0,0,4.74493212836325,15.4922137704928,1.44913767461894,1.15472193916453,1,1,0,0.06,0,0,4,1,4,0,1,1,0.903,0,1,0,0,2.361,4.27869876915237,0
"Denmark","DEN",390,0.001674,0.001193,0,0,0,0,1,0,0,6.96129604591017,15.5765621633656,1.89736659610103,2.36584645609345,1,1,0,0.08,0,1,4,1,4,0,1,1,0.94,0,1,0,0,2.704,4.65397637296421,0
"Estonia","EST",366,0.001512,0.00111,0,0,0,0,1,0,0,3.36729582998647,14.0981222979779,1.44913767461894,4.33448747297108,1,1,0,0.51,0,1,4,1,4,0,1,1,0.943,0,1,0,0,1.958,4.94985266370208,0
"Slovenia","SLV",349,0.001486,0.00109,0,0,0,0,1,0,0,3.36729582998647,14.5516913655813,1.30384048104053,2.44299191497164,1,1,0,0.22,0,1,4,1,4,0,1,1,0.925,0,1,0,0,1.098,5.07352320559061,0
"Montenegro","MNE",341,0.001426,0.001189,0,0,0,0,1,0,0,2.63905732961526,13.340915604703,1.51657508881031,3.62080834117864,1,1,0,0.7,0,1,4,1,3,0,1,1,0.711,0,1,0,1,-0.389,4.69550348144175,0
